sub_id,test_id,action,time
123,test1,priceB,5.43553450005129
123,test1,priceB,0.15820210002129897
